eggs,bread,cheese,,,,
orange juice,,,,,,
eggs,bread,,,,,
bacon,,,,,,
cereal,milk,,,,,
cereal,bread,,,,,
eggs,bread,,,,,
orange juice,bread,cheese,,,,
cereal,eggs,,,,,
milk,eggs,,,,,
bacon,cheese,,,,,
bread,bagel,bacon,,,,
orange juice,eggs,,,,,
eggs,bread,,,,,
milk,orange juice,,,,,
bread,bacon,,,,,
bread,bacon,,,,,
cereal,milk,orange juice,grapefruit,bread,,
cereal,milk,bread,,,,
orange juice,eggs,,,,,
eggs,bread,,,,,
eggs,grapefruit,,,,,
cereal,milk,orange juice,eggs,,,
bread,bacon,cheese,,,,
eggs,bread,,,,,
cereal,bread,,,,,
cereal,grapefruit,bread,bagel,bacon,cheese,
eggs,grapefruit,bread,,,,
orange juice,bread,,,,,
grapefruit,bread,bacon,cheese,,,
cereal,milk,eggs,bread,cheese,,
eggs,bagel,cheese,,,,
orange juice,bread,cheese,,,,
cereal,milk,eggs,,,,
bread,,,,,,
eggs,cheese,,,,,
milk,eggs,,,,,
eggs,grapefruit,bread,,,,
eggs,bread,cheese,,,,
eggs,bread,,,,,
orange juice,,,,,,
grapefruit,bread,bacon,,,,
cereal,milk,grapefruit,,,,
cereal,milk,grapefruit,bread,,,
orange juice,bread,,,,,
eggs,bread,bacon,cheese,,,
cereal,milk,,,,,
bread,,,,,,
cereal,milk,apple juice,eggs,bread,,
eggs,grapefruit,,,,,
bread,cheese,,,,,
orange juice,bread,cheese,,,,
apple juice,bread,cheese,,,,
orange juice,bread,bacon,cheese,,,
eggs,grapefruit,bread,cheese,,,
cereal,milk,eggs,bread,cheese,,
cereal,milk,grapefruit,bagel,cheese,,
grapefruit,cheese,,,,,
cereal,milk,grapefruit,bread,bagel,,
milk,eggs,bread,cheese,,,
eggs,bread,cheese,,,,
orange juice,eggs,,,,,
orange juice,bread,cheese,,,,
orange juice,bread,cheese,,,,
milk,orange juice,grapefruit,cheese,,,
orange juice,,,,,,
cereal,milk,bread,,,,
bread,cheese,,,,,
cereal,milk,orange juice,,,,
cereal,milk,apple juice,eggs,,,
eggs,,,,,,
bread,bagel,cheese,,,,
bagel,bacon,cheese,,,,
bread,,,,,,
eggs,,,,,,
cereal,milk,eggs,grapefruit,,,
eggs,bagel,,,,,
eggs,bagel,cheese,,,,
grapefruit,cheese,,,,,
eggs,bread,bagel,cheese,,,
cereal,,,,,,
milk,eggs,bread,cheese,,,
cereal,milk,eggs,grapefruit,bread,cheese,
orange juice,bacon,cheese,,,,
cereal,milk,,,,,
grapefruit,bacon,cheese,,,,
eggs,bread,,,,,
apple juice,eggs,bread,cheese,,,
cereal,milk,eggs,,,,
cereal,milk,eggs,bread,,,
milk,apple juice,bread,cheese,,,
cereal,orange juice,bagel,cheese,,,
milk,eggs,,,,,
orange juice,eggs,grapefruit,bagel,cheese,,
milk,eggs,grapefruit,bread,,,
cereal,milk,,,,,
apple juice,grapefruit,,,,,
bread,bacon,cheese,,,,
cereal,eggs,grapefruit,bread,,,
orange juice,,,,,,
eggs,bagel,,,,,
cereal,,,,,,
milk,orange juice,eggs,bagel,,,
milk,grapefruit,bread,cheese,,,
bread,,,,,,
cereal,milk,bread,bagel,cheese,,
bread,bacon,,,,,
orange juice,,,,,,
cereal,milk,eggs,,,,
cereal,milk,apple juice,,,,
bread,,,,,,
milk,bagel,,,,,
grapefruit,bread,bagel,,,,
apple juice,eggs,grapefruit,bread,,,
cereal,milk,eggs,bread,,,
cheese,,,,,,
eggs,bread,bagel,cheese,,,
bread,cheese,,,,,
cereal,milk,bread,cheese,,,
milk,orange juice,grapefruit,cheese,,,
cereal,milk,bread,bagel,,,
cereal,milk,apple juice,eggs,bread,cheese,
cereal,milk,eggs,bacon,,,
grapefruit,bread,bagel,,,,
milk,eggs,,,,,
milk,eggs,,,,,
milk,orange juice,,,,,
orange juice,bread,,,,,
cereal,orange juice,grapefruit,cheese,,,
cereal,milk,eggs,bread,bacon,,
bread,,,,,,
eggs,grapefruit,,,,,
milk,apple juice,bacon,,,,
cereal,milk,,,,,
orange juice,bread,bagel,,,,
cereal,milk,bread,bagel,bacon,cheese,
milk,eggs,grapefruit,bacon,,,
milk,orange juice,eggs,grapefruit,bread,bagel,
apple juice,grapefruit,,,,,
milk,orange juice,bread,cheese,,,
cereal,apple juice,grapefruit,cheese,,,
cereal,grapefruit,cheese,,,,
cereal,milk,bacon,cheese,,,
bread,,,,,,
orange juice,eggs,grapefruit,bread,cheese,,
apple juice,eggs,grapefruit,bagel,cheese,,
cereal,milk,apple juice,,,,
cereal,apple juice,bread,,,,
orange juice,grapefruit,cheese,,,,
eggs,bread,cheese,,,,
orange juice,,,,,,
bread,bagel,,,,,
eggs,,,,,,
apple juice,grapefruit,bagel,cheese,,,
bread,bagel,cheese,,,,
milk,eggs,,,,,
orange juice,bread,,,,,
eggs,bread,bagel,,,,
apple juice,eggs,bagel,cheese,,,
eggs,cheese,,,,,
milk,eggs,bread,,,,
bacon,,,,,,
bread,,,,,,
grapefruit,bread,cheese,,,,
bread,cheese,,,,,
grapefruit,bread,bagel,cheese,,,
cereal,milk,orange juice,eggs,,,
bacon,cheese,,,,,
apple juice,eggs,grapefruit,,,,
orange juice,bread,,,,,
bagel,,,,,,
eggs,bread,bagel,cheese,,,
grapefruit,bread,cheese,,,,
milk,eggs,bread,,,,
grapefruit,,,,,,
cereal,milk,grapefruit,,,,
bread,bacon,cheese,,,,
bread,bacon,,,,,
orange juice,eggs,cheese,,,,
eggs,bread,cheese,,,,
cereal,milk,orange juice,eggs,bread,,
milk,cheese,,,,,
cereal,milk,bread,,,,
orange juice,eggs,bread,,,,
orange juice,eggs,bread,cheese,,,
grapefruit,,,,,,
cereal,bread,bagel,,,,
cereal,eggs,grapefruit,bread,,,
eggs,,,,,,
milk,,,,,,
eggs,bread,,,,,
orange juice,eggs,grapefruit,bagel,,,
cereal,milk,grapefruit,bread,,,
eggs,bread,cheese,,,,
eggs,bread,,,,,
orange juice,eggs,bread,,,,
grapefruit,,,,,,
milk,bacon,,,,,
bread,bagel,,,,,
apple juice,bread,bagel,,,,
bagel,,,,,,
eggs,,,,,,
milk,apple juice,eggs,bacon,,,
cereal,eggs,,,,,
bread,bacon,cheese,,,,
eggs,grapefruit,,,,,
apple juice,cheese,,,,,
eggs,bread,cheese,,,,
cereal,milk,cheese,,,,
orange juice,eggs,,,,,
cereal,milk,eggs,bread,cheese,,
milk,eggs,,,,,
cheese,,,,,,
cheese,,,,,,
bread,cheese,,,,,
bread,cheese,,,,,
milk,orange juice,,,,,
eggs,bread,,,,,
bread,cheese,,,,,
orange juice,grapefruit,bread,cheese,,,
cereal,milk,orange juice,eggs,grapefruit,bread,cheese
bread,cheese,,,,,
orange juice,bread,cheese,,,,
eggs,grapefruit,bread,cheese,,,
bread,,,,,,
grapefruit,bread,,,,,
orange juice,bread,,,,,
milk,apple juice,eggs,bacon,cheese,,
eggs,,,,,,
orange juice,grapefruit,bread,bagel,cheese,,
eggs,bacon,cheese,,,,
apple juice,bread,cheese,,,,
bread,cheese,,,,,
cereal,cheese,,,,,
orange juice,eggs,,,,,
grapefruit,,,,,,
cereal,milk,eggs,grapefruit,,,
cereal,milk,grapefruit,bread,,,
eggs,,,,,,
bread,bacon,,,,,
orange juice,eggs,grapefruit,bread,,,
bread,cheese,,,,,
eggs,grapefruit,bread,cheese,,,
milk,orange juice,eggs,grapefruit,,,
grapefruit,bread,cheese,,,,
grapefruit,bacon,,,,,
bread,cheese,,,,,
grapefruit,,,,,,
eggs,grapefruit,cheese,,,,
orange juice,eggs,grapefruit,cheese,,,
cereal,milk,orange juice,,,,
grapefruit,bread,cheese,,,,
apple juice,eggs,cheese,,,,
cereal,milk,grapefruit,,,,
bagel,bacon,cheese,,,,
eggs,bread,cheese,,,,
orange juice,cheese,,,,,
cereal,milk,eggs,bread,,,
cereal,milk,orange juice,eggs,,,
cereal,bread,,,,,
cereal,milk,bread,,,,
milk,orange juice,eggs,,,,
apple juice,grapefruit,bread,,,,
grapefruit,bread,,,,,
apple juice,bacon,,,,,
milk,eggs,grapefruit,bread,,,
orange juice,cheese,,,,,
eggs,bacon,,,,,
eggs,,,,,,
cereal,milk,,,,,
orange juice,bacon,,,,,
cereal,milk,grapefruit,cheese,,,
cereal,milk,eggs,,,,
eggs,bread,bacon,cheese,,,
orange juice,grapefruit,cheese,,,,
milk,bread,,,,,
grapefruit,cheese,,,,,
milk,bread,,,,,
cereal,milk,apple juice,eggs,grapefruit,bread,cheese
eggs,grapefruit,bread,,,,
cereal,orange juice,eggs,bread,,,
orange juice,eggs,bread,bagel,,,
eggs,grapefruit,bread,,,,
eggs,bread,bagel,,,,
eggs,,,,,,
cereal,apple juice,grapefruit,cheese,,,
cereal,milk,eggs,bagel,,,
cereal,apple juice,bread,bagel,,,
milk,bread,,,,,
milk,orange juice,,,,,
apple juice,,,,,,
bread,,,,,,
orange juice,eggs,grapefruit,,,,
orange juice,bread,,,,,
milk,orange juice,eggs,bread,cheese,,
orange juice,eggs,,,,,
orange juice,bread,bagel,cheese,,,
cereal,milk,bread,bagel,,,
orange juice,,,,,,
orange juice,eggs,bread,bacon,cheese,,
eggs,cheese,,,,,
eggs,grapefruit,,,,,
cereal,milk,bread,,,,
eggs,bread,cheese,,,,
cereal,milk,eggs,bacon,,,
cereal,milk,,,,,
orange juice,,,,,,
orange juice,bread,cheese,,,,
apple juice,eggs,,,,,
apple juice,eggs,bread,,,,
eggs,bread,bagel,,,,
eggs,bagel,cheese,,,,
milk,orange juice,eggs,cheese,,,
eggs,bread,bagel,cheese,,,
apple juice,,,,,,
grapefruit,bagel,,,,,
cereal,milk,eggs,bread,bacon,,
apple juice,grapefruit,bread,,,,
bread,bagel,,,,,
milk,eggs,bagel,,,,
cereal,milk,eggs,bread,,,
eggs,bread,cheese,,,,
cereal,milk,apple juice,,,,
cereal,milk,orange juice,eggs,bread,,
cereal,grapefruit,bread,cheese,,,
bacon,,,,,,
cereal,milk,bread,bacon,cheese,,
grapefruit,,,,,,
cereal,milk,bread,cheese,,,
eggs,,,,,,
cereal,,,,,,
milk,cheese,,,,,
orange juice,bread,,,,,
milk,apple juice,eggs,grapefruit,,,
milk,orange juice,grapefruit,,,,
bagel,,,,,,
orange juice,eggs,grapefruit,bread,cheese,,
milk,,,,,,
cereal,milk,eggs,grapefruit,bread,,
bacon,,,,,,
cereal,orange juice,,,,,
cereal,milk,eggs,bread,,,
milk,grapefruit,,,,,
cheese,,,,,,
bread,bacon,cheese,,,,
grapefruit,,,,,,
eggs,cheese,,,,,
orange juice,bread,,,,,
bacon,,,,,,
milk,bread,bacon,cheese,,,
grapefruit,bread,bagel,cheese,,,
milk,eggs,grapefruit,bread,,,
milk,eggs,bacon,cheese,,,
orange juice,grapefruit,,,,,
bagel,,,,,,
cereal,milk,grapefruit,bread,cheese,,
eggs,cheese,,,,,
milk,eggs,,,,,
cereal,milk,grapefruit,,,,
apple juice,eggs,,,,,
cereal,milk,orange juice,eggs,bacon,,
orange juice,eggs,grapefruit,bread,bagel,cheese,
grapefruit,,,,,,
apple juice,eggs,bread,cheese,,,
orange juice,bread,,,,,
cereal,milk,eggs,grapefruit,bread,,
bread,bagel,cheese,,,,
grapefruit,bread,bagel,cheese,,,
cheese,,,,,,
milk,eggs,,,,,
orange juice,eggs,bread,bagel,bacon,cheese,
eggs,,,,,,
eggs,grapefruit,,,,,
milk,apple juice,eggs,cheese,,,
cereal,bread,cheese,,,,
milk,orange juice,eggs,bread,bagel,,
grapefruit,bagel,cheese,,,,
orange juice,bread,,,,,
eggs,grapefruit,cheese,,,,
cereal,milk,orange juice,bread,bacon,cheese,
orange juice,bagel,cheese,,,,
cereal,milk,apple juice,eggs,bread,cheese,
milk,eggs,bread,bacon,cheese,,
cereal,milk,orange juice,eggs,grapefruit,bread,bagel
milk,bagel,,,,,
milk,eggs,cheese,,,,
milk,eggs,bread,bagel,cheese,,
cereal,orange juice,cheese,,,,
cereal,milk,apple juice,bread,bagel,,
milk,orange juice,eggs,bread,bacon,,
grapefruit,bread,cheese,,,,
cereal,milk,eggs,bread,cheese,,
orange juice,cheese,,,,,
bacon,,,,,,
apple juice,,,,,,
milk,cheese,,,,,
cereal,milk,eggs,grapefruit,bread,,
eggs,bread,cheese,,,,
cereal,milk,cheese,,,,
orange juice,bacon,,,,,
milk,orange juice,,,,,
cereal,eggs,,,,,
cereal,milk,bread,bagel,,,
milk,orange juice,,,,,
orange juice,bread,bagel,cheese,,,
grapefruit,bread,cheese,,,,
cereal,milk,grapefruit,bread,,,
orange juice,eggs,grapefruit,cheese,,,
milk,eggs,grapefruit,bread,,,
eggs,bacon,,,,,
apple juice,bread,cheese,,,,
milk,eggs,bread,cheese,,,
orange juice,,,,,,
grapefruit,bagel,,,,,
milk,apple juice,,,,,
bread,cheese,,,,,
cereal,milk,apple juice,grapefruit,,,
orange juice,eggs,,,,,
eggs,grapefruit,bacon,,,,
orange juice,bacon,,,,,
orange juice,eggs,,,,,
cereal,milk,apple juice,grapefruit,bread,bacon,
cereal,grapefruit,bread,bagel,,,
orange juice,bagel,,,,,
milk,eggs,bagel,,,,
grapefruit,bread,,,,,
orange juice,cheese,,,,,
eggs,grapefruit,bread,,,,
cereal,orange juice,,,,,
milk,eggs,,,,,
grapefruit,bread,cheese,,,,
bread,,,,,,
grapefruit,bagel,cheese,,,,
bread,,,,,,
bread,,,,,,
cereal,eggs,bread,bagel,cheese,,
milk,grapefruit,bagel,,,,
grapefruit,bagel,,,,,
apple juice,eggs,bacon,,,,
milk,eggs,grapefruit,,,,
eggs,bread,,,,,
milk,eggs,bagel,bacon,,,
cereal,grapefruit,bread,bagel,,,
orange juice,eggs,,,,,
eggs,bread,bacon,cheese,,,
cereal,milk,eggs,,,,
grapefruit,bagel,cheese,,,,
milk,eggs,bread,bacon,cheese,,
orange juice,eggs,bacon,,,,
cereal,milk,orange juice,eggs,bacon,,
bacon,cheese,,,,,
cereal,eggs,bread,cheese,,,
cheese,,,,,,
orange juice,bread,cheese,,,,
eggs,bread,cheese,,,,
cereal,eggs,,,,,
milk,eggs,,,,,
milk,eggs,,,,,
cereal,eggs,grapefruit,,,,
cereal,eggs,bread,,,,
cereal,grapefruit,bacon,,,,
eggs,bread,cheese,,,,
milk,orange juice,grapefruit,,,,
eggs,grapefruit,bread,bagel,,,
orange juice,,,,,,
cereal,bread,cheese,,,,
orange juice,bread,cheese,,,,
grapefruit,bread,,,,,
bread,cheese,,,,,
cereal,apple juice,eggs,grapefruit,,,
apple juice,grapefruit,bread,cheese,,,
apple juice,bread,cheese,,,,
cereal,milk,eggs,bread,bagel,cheese,
milk,eggs,,,,,
bread,bagel,cheese,,,,
bread,cheese,,,,,
orange juice,bread,,,,,
cereal,milk,eggs,grapefruit,,,
cheese,,,,,,
cereal,milk,bread,bagel,,,
milk,eggs,bread,bacon,cheese,,
cereal,milk,orange juice,eggs,bread,cheese,
milk,eggs,,,,,
bagel,,,,,,
cheese,,,,,,
bread,,,,,,
cereal,orange juice,bread,cheese,,,
eggs,bread,cheese,,,,
milk,eggs,grapefruit,,,,
cereal,milk,eggs,grapefruit,bread,cheese,
cereal,milk,orange juice,cheese,,,
grapefruit,bread,cheese,,,,
cereal,orange juice,bread,,,,
cereal,milk,eggs,cheese,,,
orange juice,,,,,,
orange juice,bagel,cheese,,,,
cereal,milk,apple juice,eggs,bagel,,
bread,cheese,,,,,
apple juice,eggs,,,,,
eggs,grapefruit,,,,,
orange juice,grapefruit,,,,,
cereal,milk,eggs,bread,,,
eggs,bread,bagel,,,,
bread,cheese,,,,,
milk,eggs,,,,,
cereal,milk,grapefruit,bread,cheese,,
eggs,,,,,,
milk,bread,cheese,,,,
orange juice,eggs,,,,,
bread,bagel,cheese,,,,
orange juice,eggs,,,,,
cereal,apple juice,grapefruit,bread,,,
orange juice,,,,,,
bread,cheese,,,,,
grapefruit,bread,,,,,
cereal,milk,apple juice,grapefruit,cheese,,
grapefruit,cheese,,,,,
milk,eggs,grapefruit,bread,bagel,,
eggs,bagel,cheese,,,,
grapefruit,bread,bagel,,,,
milk,apple juice,eggs,bread,cheese,,
cereal,milk,eggs,,,,
apple juice,bread,cheese,,,,
bread,,,,,,
milk,eggs,bread,cheese,,,
milk,grapefruit,bread,cheese,,,
orange juice,cheese,,,,,
cheese,,,,,,
bread,cheese,,,,,
milk,apple juice,bacon,cheese,,,
cereal,milk,eggs,bread,,,
cereal,milk,eggs,bread,cheese,,
grapefruit,,,,,,
cereal,milk,eggs,grapefruit,bread,,
cereal,grapefruit,,,,,
cheese,,,,,,
orange juice,bread,cheese,,,,
milk,orange juice,eggs,,,,
milk,apple juice,,,,,
milk,eggs,bread,,,,
cereal,milk,eggs,bread,bacon,cheese,
eggs,bread,bacon,cheese,,,
apple juice,grapefruit,bread,,,,
cereal,bread,,,,,
apple juice,cheese,,,,,
cereal,cheese,,,,,
orange juice,bread,cheese,,,,
grapefruit,cheese,,,,,
eggs,,,,,,
eggs,grapefruit,bread,,,,
cereal,milk,orange juice,eggs,cheese,,
eggs,bread,cheese,,,,
eggs,grapefruit,bread,bagel,cheese,,
cereal,grapefruit,,,,,
bread,,,,,,
milk,eggs,bread,bacon,,,
cereal,milk,eggs,bagel,,,
eggs,bread,bagel,bacon,cheese,,
cereal,cheese,,,,,
cereal,milk,grapefruit,bread,bagel,cheese,
bread,,,,,,
eggs,bread,cheese,,,,
bacon,,,,,,
milk,orange juice,eggs,bread,cheese,,
apple juice,bread,bacon,,,,
eggs,bagel,bacon,,,,
milk,eggs,grapefruit,bread,,,
eggs,,,,,,
cereal,milk,eggs,grapefruit,bread,,
orange juice,bread,cheese,,,,
cereal,milk,eggs,bacon,cheese,,
cereal,milk,eggs,,,,
bread,,,,,,
bread,,,,,,
milk,bacon,,,,,
cereal,eggs,bread,,,,
eggs,grapefruit,bread,,,,
eggs,,,,,,
cereal,milk,eggs,grapefruit,cheese,,
eggs,bacon,,,,,
milk,,,,,,
milk,bread,,,,,
cereal,milk,eggs,bagel,cheese,,
cereal,eggs,bread,bagel,cheese,,
bread,bagel,,,,,
cereal,milk,apple juice,bacon,,,
cereal,milk,grapefruit,bread,,,
milk,,,,,,
orange juice,eggs,grapefruit,bread,bacon,cheese,
cereal,milk,eggs,bread,,,
milk,eggs,grapefruit,bread,,,
eggs,grapefruit,bread,,,,
cereal,bread,,,,,
eggs,bacon,,,,,
cereal,milk,bagel,,,,
apple juice,grapefruit,,,,,
orange juice,,,,,,
orange juice,eggs,grapefruit,bread,cheese,,
eggs,,,,,,
eggs,grapefruit,,,,,
milk,,,,,,
cereal,milk,orange juice,,,,
bagel,,,,,,
cereal,milk,orange juice,eggs,,,
apple juice,cheese,,,,,
