steak,bread,cheese,,,,
turkey,,,,,,
pasta,bread,,,,,
steak,bread,,,,,
chicken,bread,cheese,,,,
pasta,steak,,,,,
turkey,cheese,,,,,
bread,beans,turkey,,,,
chicken,steak,,,,,
bread,turkey,,,,,
bread,turkey,,,,,
chicken,steak,,,,,
steak,bread,,,,,
steak,carrots,,,,,
pasta,tomato sauce,chicken,steak,,,
steak,bread,,,,,
pasta,bread,,,,,
pasta,carrots,bread,beans,turkey,cheese,
steak,carrots,bread,,,,
chicken,bread,,,,,
carrots,bread,turkey,cheese,,,
pasta,tomato sauce,steak,bread,cheese,,
chicken,bread,cheese,,,,
pasta,tomato sauce,steak,,,,
steak,cheese,,,,,
tomato sauce,steak,,,,,
steak,bread,cheese,,,,
steak,bread,,,,,
chicken,,,,,,
carrots,bread,turkey,,,,
pasta,tomato sauce,carrots,,,,
pasta,tomato sauce,carrots,bread,,,
chicken,bread,,,,,
steak,bread,turkey,cheese,,,
pasta,tomato sauce,,,,,
bread,,,,,,
pasta,tomato sauce,lettuce,steak,bread,,
steak,carrots,,,,,
bread,cheese,,,,,
chicken,bread,cheese,,,,
chicken,bread,turkey,cheese,,,
steak,carrots,bread,cheese,,,
pasta,tomato sauce,steak,bread,cheese,,
pasta,tomato sauce,carrots,beans,cheese,,
carrots,cheese,,,,,
tomato sauce,steak,bread,cheese,,,
steak,bread,cheese,,,,
chicken,bread,cheese,,,,
chicken,bread,cheese,,,,
tomato sauce,chicken,carrots,cheese,,,
bread,cheese,,,,,
pasta,tomato sauce,chicken,,,,
pasta,tomato sauce,lettuce,steak,,,
steak,,,,,,
bread,beans,cheese,,,,
beans,turkey,cheese,,,,
bread,,,,,,
steak,,,,,,
steak,beans,,,,,
steak,beans,cheese,,,,
carrots,cheese,,,,,
steak,bread,beans,cheese,,,
pasta,,,,,,
tomato sauce,steak,bread,cheese,,,
pasta,tomato sauce,steak,carrots,bread,cheese,
carrots,turkey,cheese,,,,
pasta,tomato sauce,steak,,,,
pasta,tomato sauce,steak,bread,,,
tomato sauce,lettuce,bread,cheese,,,
chicken,steak,carrots,beans,cheese,,
lettuce,carrots,,,,,
bread,turkey,cheese,,,,
pasta,steak,carrots,bread,,,
chicken,,,,,,
steak,beans,,,,,
tomato sauce,chicken,steak,beans,,,
tomato sauce,carrots,bread,cheese,,,
pasta,tomato sauce,bread,beans,cheese,,
bread,turkey,,,,,
chicken,,,,,,
pasta,tomato sauce,steak,,,,
pasta,tomato sauce,lettuce,,,,
bread,,,,,,
tomato sauce,beans,,,,,
carrots,bread,beans,,,,
lettuce,steak,carrots,bread,,,
pasta,tomato sauce,steak,bread,,,
cheese,,,,,,
pasta,tomato sauce,bread,beans,,,
pasta,tomato sauce,lettuce,steak,bread,cheese,
pasta,tomato sauce,steak,turkey,,,
carrots,bread,beans,,,,
tomato sauce,steak,,,,,
tomato sauce,steak,,,,,
tomato sauce,chicken,,,,,
pasta,chicken,carrots,cheese,,,
bread,,,,,,
steak,carrots,,,,,
tomato sauce,lettuce,turkey,,,,
pasta,tomato sauce,,,,,
chicken,bread,beans,,,,
tomato sauce,chicken,steak,carrots,bread,beans,
lettuce,carrots,,,,,
pasta,lettuce,carrots,cheese,,,
bread,,,,,,
chicken,steak,carrots,bread,cheese,,
lettuce,steak,carrots,beans,cheese,,
chicken,carrots,cheese,,,,
steak,bread,cheese,,,,
lettuce,carrots,beans,cheese,,,
bread,beans,cheese,,,,
tomato sauce,steak,,,,,
steak,bread,beans,,,,
steak,cheese,,,,,
tomato sauce,steak,bread,,,,
turkey,,,,,,
bread,,,,,,
carrots,bread,cheese,,,,
carrots,bread,beans,cheese,,,
pasta,tomato sauce,chicken,steak,,,
turkey,cheese,,,,,
chicken,bread,,,,,
beans,,,,,,
steak,bread,beans,cheese,,,
carrots,bread,cheese,,,,
carrots,,,,,,
bread,turkey,cheese,,,,
bread,turkey,,,,,
steak,bread,cheese,,,,
pasta,tomato sauce,chicken,steak,bread,,
pasta,tomato sauce,bread,,,,
carrots,,,,,,
pasta,bread,beans,,,,
pasta,steak,carrots,bread,,,
tomato sauce,,,,,,
steak,bread,cheese,,,,
steak,bread,,,,,
chicken,steak,bread,,,,
carrots,,,,,,
tomato sauce,turkey,,,,,
lettuce,bread,beans,,,,
beans,,,,,,
steak,,,,,,
pasta,steak,,,,,
bread,turkey,cheese,,,,
steak,bread,cheese,,,,
pasta,tomato sauce,cheese,,,,
chicken,steak,,,,,
tomato sauce,steak,,,,,
cheese,,,,,,
bread,cheese,,,,,
tomato sauce,chicken,,,,,
chicken,carrots,bread,cheese,,,
pasta,tomato sauce,chicken,steak,carrots,bread,cheese
bread,cheese,,,,,
chicken,bread,cheese,,,,
chicken,bread,,,,,
tomato sauce,lettuce,steak,turkey,cheese,,
steak,,,,,,
chicken,carrots,bread,beans,cheese,,
steak,turkey,cheese,,,,
lettuce,bread,cheese,,,,
bread,cheese,,,,,
pasta,cheese,,,,,
chicken,steak,,,,,
carrots,,,,,,
pasta,tomato sauce,steak,carrots,,,
bread,turkey,,,,,
chicken,steak,carrots,bread,,,
bread,cheese,,,,,
steak,carrots,bread,cheese,,,
tomato sauce,chicken,steak,carrots,,,
carrots,bread,cheese,,,,
carrots,turkey,,,,,
bread,cheese,,,,,
carrots,,,,,,
steak,carrots,cheese,,,,
chicken,steak,carrots,cheese,,,
pasta,tomato sauce,chicken,,,,
lettuce,steak,cheese,,,,
chicken,cheese,,,,,
pasta,tomato sauce,steak,bread,,,
pasta,tomato sauce,chicken,steak,,,
pasta,bread,,,,,
pasta,tomato sauce,bread,,,,
tomato sauce,chicken,steak,,,,
carrots,bread,,,,,
tomato sauce,steak,carrots,bread,,,
chicken,cheese,,,,,
steak,,,,,,
pasta,tomato sauce,,,,,
pasta,tomato sauce,carrots,cheese,,,
steak,bread,turkey,cheese,,,
chicken,carrots,cheese,,,,
steak,carrots,bread,,,,
steak,bread,beans,,,,
steak,,,,,,
pasta,tomato sauce,steak,beans,,,
pasta,lettuce,bread,beans,,,
tomato sauce,chicken,,,,,
lettuce,,,,,,
bread,,,,,,
chicken,steak,carrots,,,,
chicken,bread,,,,,
tomato sauce,chicken,steak,bread,cheese,,
chicken,steak,,,,,
pasta,tomato sauce,bread,beans,,,
chicken,,,,,,
chicken,steak,bread,turkey,cheese,,
steak,cheese,,,,,
pasta,tomato sauce,bread,,,,
steak,bread,cheese,,,,
chicken,,,,,,
chicken,bread,cheese,,,,
lettuce,steak,,,,,
steak,bread,beans,,,,
tomato sauce,chicken,steak,cheese,,,
steak,bread,beans,cheese,,,
carrots,beans,,,,,
pasta,tomato sauce,steak,bread,turkey,,
lettuce,carrots,bread,,,,
tomato sauce,steak,beans,,,,
pasta,tomato sauce,steak,bread,,,
steak,bread,cheese,,,,
pasta,tomato sauce,lettuce,,,,
pasta,tomato sauce,chicken,steak,bread,,
pasta,tomato sauce,bread,turkey,cheese,,
steak,,,,,,
tomato sauce,cheese,,,,,
chicken,bread,,,,,
tomato sauce,lettuce,steak,carrots,,,
beans,,,,,,
tomato sauce,,,,,,
pasta,tomato sauce,steak,carrots,bread,,
turkey,,,,,,
pasta,chicken,,,,,
pasta,tomato sauce,steak,bread,,,
tomato sauce,carrots,,,,,
bread,turkey,cheese,,,,
steak,cheese,,,,,
chicken,bread,,,,,
turkey,,,,,,
carrots,bread,beans,cheese,,,
tomato sauce,steak,carrots,bread,,,
tomato sauce,steak,turkey,cheese,,,
chicken,carrots,,,,,
beans,,,,,,
steak,cheese,,,,,
pasta,tomato sauce,carrots,,,,
lettuce,steak,,,,,
pasta,tomato sauce,chicken,steak,turkey,,
chicken,steak,carrots,bread,beans,cheese,
carrots,,,,,,
lettuce,steak,bread,cheese,,,
pasta,tomato sauce,steak,carrots,bread,,
steak,,,,,,
steak,carrots,,,,,
pasta,bread,cheese,,,,
tomato sauce,chicken,steak,bread,beans,,
carrots,beans,cheese,,,,
chicken,bread,,,,,
pasta,tomato sauce,chicken,bread,turkey,cheese,
chicken,beans,cheese,,,,
tomato sauce,steak,bread,turkey,cheese,,
pasta,tomato sauce,chicken,steak,carrots,bread,beans
tomato sauce,beans,,,,,
tomato sauce,steak,cheese,,,,
pasta,chicken,cheese,,,,
pasta,tomato sauce,lettuce,bread,beans,,
pasta,tomato sauce,steak,bread,cheese,,
chicken,cheese,,,,,
tomato sauce,cheese,,,,,
steak,bread,cheese,,,,
tomato sauce,chicken,,,,,
tomato sauce,chicken,,,,,
chicken,bread,beans,cheese,,,
carrots,bread,cheese,,,,
pasta,tomato sauce,carrots,bread,,,
chicken,steak,carrots,cheese,,,
tomato sauce,steak,carrots,bread,,,
steak,turkey,,,,,
lettuce,bread,cheese,,,,
chicken,,,,,,
carrots,beans,,,,,
tomato sauce,lettuce,,,,,
pasta,tomato sauce,lettuce,carrots,,,
chicken,steak,,,,,
steak,carrots,turkey,,,,
chicken,turkey,,,,,
chicken,steak,,,,,
pasta,tomato sauce,lettuce,carrots,bread,turkey,
pasta,carrots,bread,beans,,,
tomato sauce,steak,beans,,,,
steak,carrots,bread,,,,
pasta,chicken,,,,,
carrots,bread,cheese,,,,
bread,,,,,,
carrots,beans,cheese,,,,
bread,,,,,,
pasta,steak,bread,beans,cheese,,
tomato sauce,carrots,beans,,,,
carrots,beans,,,,,
lettuce,steak,turkey,,,,
steak,bread,,,,,
chicken,steak,,,,,
steak,bread,turkey,cheese,,,
pasta,tomato sauce,steak,,,,
carrots,beans,cheese,,,,
tomato sauce,steak,bread,turkey,cheese,,
chicken,steak,turkey,,,,
turkey,cheese,,,,,
pasta,steak,bread,cheese,,,
chicken,bread,cheese,,,,
pasta,steak,,,,,
tomato sauce,steak,,,,,
pasta,steak,bread,,,,
steak,bread,cheese,,,,
tomato sauce,chicken,carrots,,,,
steak,carrots,bread,beans,,,
chicken,,,,,,
pasta,lettuce,steak,carrots,,,
lettuce,carrots,bread,cheese,,,
lettuce,bread,cheese,,,,
pasta,tomato sauce,steak,bread,beans,cheese,
tomato sauce,steak,,,,,
bread,cheese,,,,,
chicken,bread,,,,,
pasta,tomato sauce,steak,carrots,,,
cheese,,,,,,
pasta,tomato sauce,bread,beans,,,
tomato sauce,steak,bread,turkey,cheese,,
pasta,tomato sauce,chicken,steak,bread,cheese,
tomato sauce,steak,,,,,
beans,,,,,,
cheese,,,,,,
pasta,chicken,bread,cheese,,,
steak,bread,cheese,,,,
tomato sauce,steak,carrots,,,,
pasta,tomato sauce,steak,carrots,bread,cheese,
carrots,bread,cheese,,,,
pasta,chicken,bread,,,,
pasta,tomato sauce,steak,cheese,,,
chicken,beans,cheese,,,,
pasta,tomato sauce,lettuce,steak,beans,,
bread,cheese,,,,,
steak,carrots,,,,,
chicken,carrots,,,,,
pasta,tomato sauce,steak,bread,,,
steak,bread,beans,,,,
bread,cheese,,,,,
tomato sauce,steak,,,,,
steak,,,,,,
tomato sauce,bread,cheese,,,,
chicken,steak,,,,,
pasta,lettuce,carrots,bread,,,
bread,cheese,,,,,
carrots,bread,,,,,
carrots,bread,beans,,,,
pasta,tomato sauce,steak,,,,
lettuce,bread,cheese,,,,
bread,,,,,,
tomato sauce,carrots,bread,cheese,,,
chicken,cheese,,,,,
cheese,,,,,,
bread,cheese,,,,,
pasta,tomato sauce,steak,bread,,,
pasta,tomato sauce,steak,bread,cheese,,
carrots,,,,,,
pasta,tomato sauce,steak,carrots,bread,,
cheese,,,,,,
chicken,bread,cheese,,,,
tomato sauce,chicken,steak,,,,
tomato sauce,lettuce,,,,,
tomato sauce,steak,bread,,,,
pasta,tomato sauce,steak,bread,turkey,cheese,
steak,bread,turkey,cheese,,,
lettuce,carrots,bread,,,,
pasta,bread,,,,,
lettuce,cheese,,,,,
pasta,cheese,,,,,
chicken,bread,cheese,,,,
steak,,,,,,
pasta,tomato sauce,chicken,steak,cheese,,
steak,bread,cheese,,,,
steak,carrots,bread,beans,cheese,,
pasta,carrots,,,,,
bread,,,,,,
tomato sauce,steak,bread,turkey,,,
pasta,tomato sauce,steak,beans,,,
steak,bread,beans,turkey,cheese,,
pasta,cheese,,,,,
pasta,tomato sauce,carrots,bread,beans,cheese,
steak,bread,cheese,,,,
turkey,,,,,,
tomato sauce,chicken,steak,bread,cheese,,
steak,,,,,,
pasta,tomato sauce,steak,carrots,bread,,
pasta,tomato sauce,steak,turkey,cheese,,
pasta,tomato sauce,steak,,,,
bread,,,,,,
tomato sauce,turkey,,,,,
pasta,steak,bread,,,,
steak,carrots,bread,,,,
steak,,,,,,
steak,turkey,,,,,
tomato sauce,,,,,,
tomato sauce,bread,,,,,
pasta,steak,bread,beans,cheese,,
bread,beans,,,,,
pasta,tomato sauce,lettuce,turkey,,,
tomato sauce,,,,,,
pasta,tomato sauce,steak,bread,,,
tomato sauce,steak,carrots,bread,,,
steak,carrots,bread,,,,
pasta,bread,,,,,
steak,turkey,,,,,
pasta,tomato sauce,beans,,,,
steak,carrots,,,,,
pasta,tomato sauce,chicken,,,,
pasta,tomato sauce,chicken,steak,,,
lettuce,cheese,,,,,
